,date,macd,signal,buy/sell
0,2016-03-02,0.0,0.0,sell
1,2016-03-03,0.056328928368721165,0.011265785673744234,buy
2,2016-03-04,0.13305903977762057,0.035624436494519504,buy
3,2016-03-07,0.191658881596247,0.06683132551486501,buy
4,2016-03-08,0.18695289556612238,0.0908556395251165,buy
5,2016-03-09,0.20966376670627085,0.11461726496134736,buy
6,2016-03-10,0.221751523157252,0.1360441166005283,buy
7,2016-03-11,0.3215804573762924,0.1731513847556811,buy
8,2016-03-14,0.378813940526193,0.21428389590978347,buy
9,2016-03-15,0.36745318193638354,0.2449177531151035,buy
10,2016-03-16,0.40963230992421273,0.27786066447692537,buy
11,2016-03-17,0.49241556452024327,0.3207716444855889,buy
12,2016-03-18,0.5456912631852404,0.36575556822551925,buy
13,2016-03-21,0.5722415240333021,0.4070527593870758,buy
14,2016-03-22,0.566586631545249,0.43895953381871045,buy
15,2016-03-23,0.51250730860788,0.4536690887765444,buy
16,2016-03-24,0.429277965199482,0.44879086406113194,sell
17,2016-03-28,0.38662068744600475,0.43635682873810655,sell
18,2016-03-29,0.3792953464110198,0.42494453227268925,sell
19,2016-03-30,0.4067780676557007,0.42131123934929154,sell
20,2016-03-31,0.39510162343489696,0.41606931616641263,sell
21,2016-04-01,0.3564642364152135,0.4041483002161728,sell
22,2016-04-04,0.29933857300069633,0.38318635477307755,sell
23,2016-04-05,0.17734388639784981,0.34201786109803206,sell
24,2016-04-06,0.12958106503353406,0.29953050188513247,sell
25,2016-04-07,0.029681791714082806,0.24556075985092254,sell
26,2016-04-08,0.019386170843979755,0.200325842049534,sell
27,2016-04-11,0.036882143308815785,0.16763710230139037,sell
28,2016-04-12,0.10279715513914311,0.15466911286894092,sell
29,2016-04-13,0.2157325415044724,0.1668817985960472,buy
30,2016-04-14,0.31006192841373803,0.19551782455958538,buy
31,2016-04-15,0.37412102315939677,0.23123846427954767,buy
32,2016-04-18,0.4439675018155711,0.27378427178675235,buy
33,2016-04-19,0.5598164782393553,0.33099071307727296,buy
34,2016-04-20,0.6521087666398842,0.3952143237897952,buy
35,2016-04-21,0.6834287196214035,0.45285720295611687,buy
36,2016-04-22,0.7021729022553629,0.5027203428159661,buy
37,2016-04-25,0.68360490108428,0.5388972544696289,buy
38,2016-04-26,0.691170223156206,0.5693518482069443,buy
39,2016-04-27,0.6985229220895164,0.5951860629834587,buy
40,2016-04-28,0.6557893003940904,0.607306710465585,buy
41,2016-04-29,0.5968929545216781,0.6052239592768037,sell
42,2016-05-02,0.5598946769598214,0.5961581028134073,sell
43,2016-05-03,0.44943896397669647,0.5668142750460652,sell
44,2016-05-04,0.3172420422422064,0.5168998284852935,sell
45,2016-05-05,0.19277636503240814,0.4520751357947165,sell
46,2016-05-06,0.10170198333155156,0.3820005053020835,sell
47,2016-05-09,0.009918823788254372,0.30758416899931773,sell
48,2016-05-10,-0.010936809752152499,0.2438799732490237,sell
49,2016-05-11,-0.055726726694913964,0.18395863326023618,sell
50,2016-05-12,-0.07955132052710212,0.13125664250276853,sell
51,2016-05-13,-0.15179922874765595,0.07464546825268364,sell
52,2016-05-16,-0.16746880719527724,0.02622261316309147,sell
53,2016-05-17,-0.1911933753420314,-0.017260584537933103,sell
54,2016-05-18,-0.21557650557186037,-0.05692376874471856,sell
55,2016-05-19,-0.2507629444459951,-0.09569160388497387,sell
56,2016-05-20,-0.2522160539114324,-0.12699649389026557,sell
57,2016-05-23,-0.2518082658078171,-0.1519588482737759,sell
58,2016-05-24,-0.20143981403017364,-0.16185504142505544,sell
59,2016-05-25,-0.11449498946684145,-0.15238303103341266,buy
60,2016-05-26,-0.039090810631009276,-0.129724586952932,buy
61,2016-05-27,0.018438810291677044,-0.10009190750401019,buy
62,2016-05-31,0.044694631090720804,-0.071134599785064,buy
63,2016-06-01,0.05711556688816444,-0.04548456645041832,buy
64,2016-06-02,0.07051489514278586,-0.022284674131777482,buy
65,2016-06-03,0.10944802134190468,0.0040618649629589505,buy
66,2016-06-06,0.16993487111336947,0.03723646619304106,buy
67,2016-06-07,0.24283244449066643,0.07835566185256614,buy
68,2016-06-08,0.30960526008009026,0.12460558149807097,buy
69,2016-06-09,0.3125411306666237,0.16219269133178152,buy
70,2016-06-10,0.20163528078170145,0.17008120922176553,buy
71,2016-06-13,0.05330498059952049,0.14672596349731654,sell
72,2016-06-14,-0.11126408436786761,0.09512795392427971,sell
73,2016-06-15,-0.21630042829661278,0.03284227748010121,sell
74,2016-06-16,-0.2905543102606174,-0.03183704006804251,sell
75,2016-06-17,-0.3001549183341936,-0.08550061572127274,sell
76,2016-06-20,-0.22259376267408726,-0.11291924511183565,sell
77,2016-06-21,-0.11966758812592104,-0.11426891371465274,sell
78,2016-06-22,-0.031618948653516554,-0.09773892070242551,buy
79,2016-06-23,0.11562747538636131,-0.05506564148466815,buy
80,2016-06-24,-0.0873081198425325,-0.06151413715624103,sell
81,2016-06-27,-0.31924711162545094,-0.11306073205008302,sell
82,2016-06-28,-0.406800372653791,-0.17180866017082463,sell
83,2016-06-29,-0.3960147830136762,-0.21664988473939495,sell
84,2016-06-30,-0.3387275022703733,-0.24106540824559064,sell
85,2016-07-01,-0.27386688192611786,-0.24762570298169612,sell
86,2016-07-05,-0.2985025835979229,-0.2578010791049415,sell
87,2016-07-06,-0.32984830135290366,-0.2722105235545339,sell
88,2016-07-07,-0.3587075103997748,-0.2895099209235821,sell
89,2016-07-08,-0.31947465047667833,-0.29550286683420135,sell
90,2016-07-11,-0.23875797526105913,-0.2841538885195729,buy
91,2016-07-12,-0.11705712638233479,-0.2507345360921253,buy
92,2016-07-13,-0.019701870030758073,-0.20452800287985187,buy
93,2016-07-14,0.09507804950231247,-0.144606792403419,buy
94,2016-07-15,0.17854899370679078,-0.07997563518137706,buy
95,2016-07-18,0.24929935563242367,-0.014120637018616905,buy
96,2016-07-19,0.26562473807095444,0.04182843799929736,buy
97,2016-07-20,0.30292215878451856,0.09404718215634161,buy
98,2016-07-21,0.32264815652133194,0.1397673770293397,buy
99,2016-07-22,0.3344260959843979,0.17869912082035133,buy
100,2016-07-25,0.3283581816649601,0.2086309329892731,buy
101,2016-07-26,0.33336117316120095,0.2335769810236587,buy
102,2016-07-27,0.3408692486933731,0.2550354345576016,buy
103,2016-07-28,0.3397771676893555,0.2719837811839524,buy
104,2016-07-29,0.3723217969723507,0.2920513843416321,buy
105,2016-08-01,0.3694677687930792,0.3075346612319215,buy
106,2016-08-02,0.3359568511407858,0.3132190992136944,buy
107,2016-08-03,0.30338862935214905,0.3112530052413853,sell
108,2016-08-04,0.29993483812923216,0.3089893718189547,sell
109,2016-08-05,0.3220169696637143,0.31159489138790664,buy
110,2016-08-08,0.35646567226110193,0.32056904756254573,buy
111,2016-08-09,0.40726391822643393,0.3379080216953234,buy
112,2016-08-10,0.4521600365429208,0.36075842466484287,buy
113,2016-08-11,0.5169693200305048,0.39200060373797524,buy
114,2016-08-12,0.5438559334599375,0.4223716696823677,buy
115,2016-08-15,0.579541664833684,0.453805668712631,buy
116,2016-08-16,0.5888081472352127,0.48080616441714735,buy
117,2016-08-17,0.5866726440361916,0.5019794603409562,buy
118,2016-08-18,0.5977887976574934,0.5211413278042637,buy
119,2016-08-19,0.5681220609330495,0.5305374744300209,buy
120,2016-08-22,0.5303453166889653,0.5304990428818098,sell
121,2016-08-23,0.5135080281487134,0.5271008399351906,sell
122,2016-08-24,0.4864064452376269,0.5189619609956779,sell
123,2016-08-25,0.4502274608140695,0.5052150609593563,sell
124,2016-08-26,0.3885448469146908,0.4818810181504233,sell
125,2016-08-29,0.3553333125791198,0.45657147703616263,sell
126,2016-08-30,0.3278823575309886,0.43083365313512784,sell
127,2016-08-31,0.2885355708584214,0.40237403667978655,sell
128,2016-09-01,0.2779256958911631,0.3774843685220619,sell
129,2016-09-02,0.31278381418279366,0.3645442576542083,sell
130,2016-09-06,0.3754810286371182,0.3667316118507903,buy
131,2016-09-07,0.41830928383721755,0.3770471462480758,buy
132,2016-09-08,0.4484403354301776,0.39132578408449614,buy
133,2016-09-09,0.38231899966699956,0.38952442720099684,sell
134,2016-09-12,0.3552362230618016,0.3826667863731578,sell
135,2016-09-13,0.22931079804375543,0.3519955887072773,sell
136,2016-09-14,0.12972755732007357,0.30754198242983655,sell
137,2016-09-15,0.08436733780894201,0.2629070535056577,sell
138,2016-09-16,0.0032501626759469104,0.21097567533971553,sell
139,2016-09-19,-0.031948133232987175,0.16239091362517502,sell
140,2016-09-20,-0.048344191437870165,0.12024389261256599,sell
141,2016-09-21,0.011018880637543305,0.09839889021756146,sell
142,2016-09-22,0.09052688757738281,0.09682448968952573,sell
143,2016-09-23,0.10852278273947746,0.09916414829951609,buy
144,2016-09-26,0.08420495166683395,0.09617230897297967,sell
145,2016-09-27,0.07365715063772882,0.09166927730592951,sell
146,2016-09-28,0.1105232340550657,0.09544006865575674,buy
147,2016-09-29,0.09555820055322073,0.09546369503524954,buy
148,2016-09-30,0.11113686649209598,0.09859832932661884,buy
149,2016-10-03,0.12072351964613404,0.10302336739052188,buy
150,2016-10-04,0.11063457140312494,0.10454560819304251,buy
151,2016-10-05,0.14067798592274983,0.11177208373898398,buy
152,2016-10-06,0.1457128448175098,0.11856023595468915,buy
153,2016-10-07,0.12974530425925934,0.1207972496156032,buy
154,2016-10-10,0.12995213014608709,0.12262822572169998,buy
155,2016-10-11,0.0711719850240371,0.1123369775821674,sell
156,2016-10-12,0.02160402193023714,0.09419038645178135,sell
157,2016-10-13,-0.03167397559091256,0.06901751404324258,sell
158,2016-10-14,-0.06764629866320604,0.04168475150195286,sell
159,2016-10-17,-0.10249517857337054,0.01284876548688818,sell
160,2016-10-18,-0.08333804961500135,-0.006388597533489724,sell
161,2016-10-19,-0.057914341707629546,-0.01669374636831769,sell
162,2016-10-20,-0.03665932106251546,-0.020686861307157245,sell
163,2016-10-21,-0.026348922291880683,-0.021819273504101934,sell
164,2016-10-24,-0.007154437562093108,-0.01888630631570017,buy
165,2016-10-25,0.006613171101115256,-0.013786410832337085,buy
166,2016-10-26,-0.0009272900235544057,-0.01121458667058055,buy
167,2016-10-27,-0.007501572897737674,-0.010471983916011975,buy
168,2016-10-28,-0.023382836363111892,-0.013054154405431957,sell
169,2016-10-31,-0.027446752362344284,-0.015932673996814424,sell
170,2016-11-01,-0.04856993827287681,-0.022460126852026904,sell
171,2016-11-02,-0.09093104016155706,-0.03615430951393293,sell
172,2016-11-03,-0.1338999508390657,-0.05570343777895949,sell
173,2016-11-04,-0.19916378386955103,-0.0843955069970778,sell
174,2016-11-07,-0.17772072121278626,-0.10306054984021949,sell
175,2016-11-08,-0.13476197536323298,-0.1094008349448222,sell
176,2016-11-09,-0.11085824569486391,-0.10969231709483054,sell
177,2016-11-10,-0.11452733665991843,-0.11065932100784813,sell
178,2016-11-11,-0.14043372485268435,-0.11661420177681538,sell
179,2016-11-14,-0.18414374040002457,-0.13012010950145722,sell
180,2016-11-15,-0.18113781144829488,-0.14032364989082477,sell
181,2016-11-16,-0.21119487652047297,-0.15449789521675442,sell
182,2016-11-17,-0.2161139005981525,-0.16682109629303404,sell
183,2016-11-18,-0.24860084747266598,-0.18317704652896044,sell
184,2016-11-21,-0.23201126293911756,-0.19294388981099186,sell
185,2016-11-22,-0.19608892222829866,-0.19357289629445323,sell
186,2016-11-23,-0.18261118042581614,-0.19138055312072583,buy
187,2016-11-25,-0.1537462604800126,-0.1838536945925832,buy
188,2016-11-28,-0.1489832232602808,-0.17687960032612274,buy
189,2016-11-29,-0.13239903143237797,-0.16798348654737377,buy
190,2016-11-30,-0.11079925692793324,-0.15654664062348567,buy
191,2016-12-01,-0.09396541581875084,-0.1440303956625387,buy
192,2016-12-02,-0.06821385359825882,-0.1288670872496827,buy
193,2016-12-05,-0.012783767569970905,-0.10565042331374035,buy
194,2016-12-06,0.06797110734804335,-0.07092611718138361,buy
195,2016-12-07,0.1886034176451119,-0.019020210216084507,buy
196,2016-12-08,0.27386833521038056,0.039557498869208514,buy
197,2016-12-09,0.3561410092259152,0.10287420094054986,buy
198,2016-12-12,0.40640066997195845,0.1635794947468316,buy
199,2016-12-13,0.4790034756329007,0.22666429092404544,buy
200,2016-12-14,0.46147390564851065,0.2736262138689385,buy
201,2016-12-15,0.43639664932968003,0.30618030096108684,buy
202,2016-12-16,0.41312746953077806,0.3275697346750251,buy
203,2016-12-19,0.3712607712953684,0.33630794199909375,buy
204,2016-12-20,0.34707188827052704,0.33846073125338044,buy
205,2016-12-21,0.32504408569153753,0.33577740214101187,sell
206,2016-12-22,0.29082117686732545,0.3267861570862746,sell
207,2016-12-23,0.2642308033381511,0.3142750863366499,sell
208,2016-12-27,0.2484106617886539,0.30110220142705074,sell
209,2016-12-28,0.21958410163678366,0.28479858146899734,sell
210,2016-12-29,0.21625897012339124,0.2710906591998761,sell
211,2016-12-30,0.21662970906736945,0.2601984691733748,sell
212,2017-01-03,0.25321552184917095,0.2588018797085341,sell
213,2017-01-04,0.31843785599174623,0.2707290749651765,buy
214,2017-01-05,0.40399238305840157,0.29738173658382155,buy
215,2017-01-06,0.445336647133594,0.3269727186937761,buy
216,2017-01-09,0.4617718207917676,0.3539325391133744,buy
217,2017-01-10,0.48026801894263826,0.3791996350792272,buy
218,2017-01-11,0.5137685599991642,0.40611342006321466,buy
219,2017-01-12,0.5436813425756171,0.43362700456569514,buy
220,2017-01-13,0.5663615689081354,0.46017391743418323,buy
221,2017-01-17,0.5722366297665928,0.4825864599006652,buy
222,2017-01-18,0.5465155410307716,0.49537227612668644,buy
223,2017-01-19,0.5106150655642878,0.4984208340142068,buy
224,2017-01-20,0.49367083653418575,0.4974708345182026,sell
225,2017-01-23,0.49449165848452736,0.4968749993114676,sell
226,2017-01-24,0.5044604366631162,0.49839208678179736,buy
227,2017-01-25,0.5534465414767098,0.5094029777207798,buy
228,2017-01-26,0.5698775396338149,0.5214978901033869,buy
229,2017-01-27,0.5626549176155251,0.5297292956058146,buy
230,2017-01-30,0.514540886824868,0.5266916138496254,sell
231,2017-01-31,0.4907027842827958,0.5194938479362595,sell
232,2017-02-01,0.4745947366697436,0.5105140256829563,sell
233,2017-02-02,0.45180511181376914,0.4987722429091189,sell
234,2017-02-03,0.4451229909831298,0.4880423925239211,sell
235,2017-02-06,0.40693332085266576,0.47182057818967005,sell
236,2017-02-07,0.36285439007465925,0.4500273405666679,sell
237,2017-02-08,0.34390600741564725,0.4288030739364638,sell
238,2017-02-09,0.34486273661806877,0.4120150064727848,sell
239,2017-02-10,0.356303561866838,0.4008727175515955,sell
240,2017-02-13,0.37854854133577476,0.3964078823084314,sell
241,2017-02-14,0.3903024469406944,0.395186795234884,sell
242,2017-02-15,0.4249868110084165,0.4011467983895905,buy
243,2017-02-16,0.4445981257608551,0.40983706386384344,buy
244,2017-02-17,0.43721414246026313,0.41531247958312745,buy
245,2017-02-21,0.4407281779031891,0.4203956192471398,buy
246,2017-02-22,0.44185941952599705,0.42468837930291126,buy
247,2017-02-23,0.43906992566527236,0.42756468857538354,buy
248,2017-02-24,0.3924368961188165,0.4205391300840702,sell
249,2017-02-27,0.34870863709387123,0.40617303148603046,sell
250,2017-02-28,0.30163431416617925,0.3852652880220602,sell
251,2017-03-01,0.3021188175319409,0.3686359939240364,sell
252,2017-03-02,0.2745731071625457,0.34982341657173827,sell
253,2017-03-03,0.28039737811561594,0.33593820888051384,sell
254,2017-03-06,0.2634717663440824,0.3214449203732276,sell
255,2017-03-07,0.2370077795073371,0.3045574922000495,sell
256,2017-03-08,0.19385024117353566,0.28241604199474674,sell
257,2017-03-09,0.15918909338527953,0.25777065227285334,sell
258,2017-03-10,0.16150179824450817,0.2385168814671843,sell
259,2017-03-13,0.1907161959968775,0.22895674437312297,sell
260,2017-03-14,0.1706271288178982,0.21729082126207805,sell
261,2017-03-15,0.22503018575834233,0.2188386941613309,buy
262,2017-03-16,0.28821193368992937,0.2327133420670506,buy
263,2017-03-17,0.34122856171738647,0.2544163859971178,buy
264,2017-03-20,0.37547745095054097,0.27862859898780246,buy
265,2017-03-21,0.371508949456377,0.2972046690815174,buy
266,2017-03-22,0.37682362640413913,0.3131284605460417,buy
267,2017-03-23,0.3739557209630462,0.3252939126294426,buy
268,2017-03-24,0.3790799010949186,0.3360511103225378,buy
269,2017-03-27,0.38835291945276396,0.3465114721485831,buy
270,2017-03-28,0.40555994976095633,0.35832116767105776,buy
271,2017-03-29,0.41476121151745815,0.36960917644033786,buy
272,2017-03-30,0.40595470169411385,0.3768782814910931,buy
273,2017-03-31,0.38143000071590194,0.3777886253360549,buy
274,2017-04-03,0.3503413892753855,0.372299178123921,sell
275,2017-04-04,0.32336140341712394,0.3625116231825616,sell
276,2017-04-05,0.28074815499441286,0.3461589295449319,sell
277,2017-04-06,0.24211036001217678,0.3253492156383809,sell
278,2017-04-07,0.200184921041469,0.30031635671899853,sell
279,2017-04-10,0.16710828717523896,0.2736747428102466,sell
280,2017-04-11,0.15570985171738982,0.2500817645916753,sell
281,2017-04-12,0.1381635673079913,0.2276981251349385,sell
282,2017-04-13,0.09684264018186894,0.2015270281443246,sell
283,2017-04-17,0.09210041746468534,0.17964170600839674,sell
284,2017-04-18,0.05244305046333153,0.1542019748993837,sell
285,2017-04-19,-0.004541030405725621,0.12245337383836184,sell
286,2017-04-20,-0.003977998268702265,0.09716709941694902,sell
287,2017-04-21,-0.004860008497026058,0.07676167783415401,sell
288,2017-04-24,0.09439563564333753,0.08028846939599071,buy
289,2017-04-25,0.20187157594318705,0.10460509070542998,buy
290,2017-04-26,0.2570939579721454,0.13510286415877307,buy
291,2017-04-27,0.2885343328566705,0.16578915789835258,buy
292,2017-04-28,0.31261559152360263,0.1951544446234026,buy
293,2017-05-01,0.34420353564455297,0.22496426282763266,buy
294,2017-05-02,0.38500800128251456,0.25697301051860905,buy
295,2017-05-03,0.39616877797075745,0.28481216400903875,buy
296,2017-05-04,0.4243456193220396,0.31271885507163893,buy
297,2017-05-05,0.48263565627777183,0.3467022153128655,buy
298,2017-05-08,0.49543809854267806,0.37644939195882804,buy
299,2017-05-09,0.491611081677263,0.39948172990251507,buy
300,2017-05-10,0.497926180446818,0.41917062001137567,buy
301,2017-05-11,0.489536797165222,0.43324385544214494,buy
302,2017-05-12,0.5029736626686798,0.44718981688745196,buy
303,2017-05-15,0.535820490032691,0.4649159515164998,buy
304,2017-05-16,0.5835005339600059,0.488632868005201,buy
305,2017-05-17,0.5560511313959893,0.5021165206833587,buy
306,2017-05-18,0.5069994898911858,0.5030931145249241,buy
307,2017-05-19,0.5093154272427682,0.504337577068493,buy
308,2017-05-22,0.5272193672084242,0.5089139350964793,buy
309,2017-05-23,0.530791035603535,0.5132893551978905,buy
310,2017-05-24,0.5354088995002968,0.5177132640583718,buy
311,2017-05-25,0.530872811887825,0.5203451736242625,buy
312,2017-05-26,0.5055324709975011,0.5173826330989102,sell
313,2017-05-30,0.4744449243369502,0.5087950913465182,sell
314,2017-05-31,0.44098752569441757,0.49523357821609815,sell
315,2017-06-01,0.429932082852595,0.4821732791433976,sell
316,2017-06-02,0.44572246339028254,0.4748831159927746,sell
317,2017-06-05,0.433172395641229,0.4665409719224655,sell
318,2017-06-06,0.40198321841410944,0.45362942122079436,sell
319,2017-06-07,0.37570378779795277,0.43804429453622606,sell
320,2017-06-08,0.3453591033129726,0.4195072562915754,sell
321,2017-06-09,0.303280629384858,0.396261930910232,sell
322,2017-06-12,0.2552263864402562,0.36805482201623685,sell
323,2017-06-13,0.24819269964678625,0.3440823975423467,sell
324,2017-06-14,0.23479052074722517,0.32222402218332247,sell
325,2017-06-15,0.17741619773012474,0.2932624572926829,sell
326,2017-06-16,0.16807348937587818,0.26822466370932196,sell
327,2017-06-19,0.17799594152142362,0.2501789192717423,sell
328,2017-06-20,0.13352212862276502,0.22684756114194685,sell
329,2017-06-21,0.08648311313938706,0.19877467154143488,sell
330,2017-06-22,0.06301114036756417,0.17162196530666074,sell
331,2017-06-23,0.050609036825534304,0.14741937961043547,sell
332,2017-06-26,0.06576651247469556,0.1310888061832875,sell
333,2017-06-27,0.07894540219187718,0.12066012538500545,sell
334,2017-06-28,0.13482161657094593,0.12349242362219355,buy
335,2017-06-29,0.1403184674425404,0.1268576323862629,buy
336,2017-06-30,0.14926554321598218,0.13133921455220676,buy
337,2017-07-03,0.1684406553336828,0.13875950270850199,buy
338,2017-07-05,0.17738416779555166,0.14648443572591194,buy
339,2017-07-06,0.15567840401230626,0.1483232293831908,buy
340,2017-07-07,0.15041655116109354,0.14874189373877136,buy
341,2017-07-10,0.1528992990258473,0.14957337479618657,buy
342,2017-07-11,0.16350230729714355,0.15235916129637797,buy
343,2017-07-12,0.21501095844039497,0.16488952072518137,buy
344,2017-07-13,0.2702482392039727,0.18596126442093963,buy
345,2017-07-14,0.3451106151172141,0.21779113456019453,buy
346,2017-07-17,0.3849247520492227,0.2512178580580002,buy
347,2017-07-18,0.41485161016292693,0.2839446084789855,buy
348,2017-07-19,0.4592227318731972,0.3190002331578279,buy
349,2017-07-20,0.49707225030784485,0.35461463658783127,buy
350,2017-07-21,0.5058096525930011,0.3848536397888653,buy
351,2017-07-24,0.5013446958746925,0.40815185100603074,buy
352,2017-07-25,0.5046124790188955,0.4274439766086037,buy
353,2017-07-26,0.5236069831264274,0.4466765779121685,buy
354,2017-07-27,0.5193497862747876,0.46121121958469236,buy
355,2017-07-28,0.5114822792134817,0.4712654315104502,buy
356,2017-07-31,0.5085023650894271,0.4787128182262456,buy
357,2017-08-01,0.525330764125826,0.4880364074061617,buy
358,2017-08-02,0.5394617430915929,0.498321474543248,buy
359,2017-08-03,0.5402251388360497,0.5067022074018084,buy
360,2017-08-04,0.5346668290764498,0.5122951317367367,buy
361,2017-08-07,0.5336488034014835,0.516565866069686,buy
362,2017-08-08,0.5111006996193126,0.5154728327796114,sell
363,2017-08-09,0.4737442745038507,0.5071271211244593,sell
364,2017-08-10,0.36697497769595344,0.4790966924387582,sell
365,2017-08-11,0.2844802142278837,0.44017339679658335,sell
366,2017-08-14,0.23830601404902296,0.39979992024707134,sell
367,2017-08-15,0.19733397453884294,0.3593067311054257,sell
368,2017-08-16,0.1934897420702839,0.32614333329839734,sell
369,2017-08-17,0.13003593863293617,0.2869218543653051,sell
370,2017-08-18,0.09617160082411402,0.24877180365706691,sell
371,2017-08-21,0.07062397767167994,0.21314223845998953,sell
372,2017-08-22,0.07614791425557144,0.18574337361910592,sell
373,2017-08-23,0.07683455436652054,0.16396160976858884,sell
374,2017-08-24,0.08204411298128633,0.14757811041112834,sell
375,2017-08-25,0.11430855628265135,0.14092419958543295,sell
376,2017-08-28,0.13343214016166627,0.13942578770067962,sell
377,2017-08-29,0.13510801788332572,0.13856223373720886,sell
378,2017-08-30,0.1203214940985049,0.13491408580946807,sell
379,2017-08-31,0.13787122279600084,0.13550551320677462,buy
380,2017-09-01,0.16807450102072607,0.14201931076956492,buy
381,2017-09-05,0.15723844977456736,0.1450631385705654,buy
382,2017-09-06,0.17330179147908353,0.15071086915226906,buy
383,2017-09-07,0.20887098277152205,0.16234289187611967,buy
384,2017-09-08,0.2343582866870051,0.17674597083829674,buy
385,2017-09-11,0.28909472642205003,0.19921572195504741,buy
386,2017-09-12,0.335548199701428,0.22648221750432357,buy
387,2017-09-13,0.34669659831835986,0.2505250936671308,buy
388,2017-09-14,0.3639594387486582,0.27321196268343634,buy
389,2017-09-15,0.3816562011492124,0.29490081037659155,buy
390,2017-09-18,0.39047861768814585,0.3140163718389024,buy
391,2017-09-19,0.4137392936705808,0.3339609562052381,buy
392,2017-09-20,0.41511671166375663,0.3501921072969418,buy
393,2017-09-21,0.41250441666093707,0.36265456916974087,buy
394,2017-09-22,0.4126709859817481,0.37265785253214234,buy
395,2017-09-25,0.37667297057976157,0.37346087614166623,buy
396,2017-09-26,0.3392875379161282,0.3666262084965587,sell
397,2017-09-27,0.3047336660450739,0.35424770000626177,sell
398,2017-09-28,0.27663268005078123,0.3387246960151657,sell
399,2017-09-29,0.2853348497348378,0.3280467267591001,sell
400,2017-10-02,0.279124355829353,0.3182622525731507,sell
401,2017-10-03,0.29552047762349787,0.31371389758322016,sell
402,2017-10-04,0.29312587131141754,0.30959629232885966,sell
403,2017-10-05,0.2920998920185056,0.30609701226678887,sell
404,2017-10-06,0.27679346409050964,0.300236302631533,sell
405,2017-10-09,0.26094821966210446,0.2923786860376473,sell
406,2017-10-10,0.2909528528007499,0.29209351939026784,sell
407,2017-10-11,0.31952595499138425,0.2975800065104911,buy
408,2017-10-12,0.3326842071955767,0.3046008466475082,buy
409,2017-10-13,0.3643426782716048,0.3165492129723275,buy
410,2017-10-16,0.3752175164705207,0.3282828736719662,buy
411,2017-10-17,0.3724775710699646,0.33712181315156586,buy
412,2017-10-18,0.3751648067417719,0.34473041186960707,buy
413,2017-10-19,0.3590277562575679,0.3475898807471992,buy
414,2017-10-20,0.33321521701148527,0.3447149480000564,sell
415,2017-10-23,0.28684704889924006,0.33314136817989315,sell
416,2017-10-24,0.24864626159037329,0.3162423468619892,sell
417,2017-10-25,0.19493271597670514,0.29198042068493246,sell
418,2017-10-26,0.1422477061430456,0.26203387777655507,sell
419,2017-10-27,0.10842819979811935,0.23131274218086795,sell
420,2017-10-30,0.08907577440887593,0.20286534862646954,sell
421,2017-10-31,0.0833739504861839,0.17896706899841242,sell
422,2017-11-01,0.0800511195321505,0.15918387910516002,sell
423,2017-11-02,0.0932960827726177,0.14600631983865156,sell
424,2017-11-03,0.07956486878433822,0.1327180296277889,sell
425,2017-11-06,0.07977197602637176,0.12212881890750547,sell
426,2017-11-07,0.058772353395589505,0.10945752580512229,sell
427,2017-11-08,0.057712088451296495,0.09910843833435715,sell
428,2017-11-09,0.042256961087488776,0.08773814288498348,sell
429,2017-11-10,0.014303168343367645,0.07305114797666032,sell
430,2017-11-13,-0.02137926748250152,0.05416506488482795,sell
431,2017-11-14,-0.06620157713337704,0.030091736481186956,sell
432,2017-11-15,-0.11872290497389315,0.00032880819017093443,sell
433,2017-11-16,-0.12709219347748757,-0.025155392143360766,sell
434,2017-11-17,-0.1377880485626477,-0.04768192342721816,sell
435,2017-11-20,-0.14529553225897018,-0.06720464519356857,sell
436,2017-11-21,-0.1180962635227587,-0.0773829688594066,sell
437,2017-11-22,-0.06960060068024632,-0.07582649522357454,buy
438,2017-11-24,-0.008465214014805156,-0.062354238981820666,buy
439,2017-11-27,0.007404339497462331,-0.048402523285964075,buy
440,2017-11-28,0.04943480169384884,-0.028835058290001492,buy
441,2017-11-29,0.0646910591551304,-0.010129834800975115,buy
442,2017-11-30,0.08428673521682128,0.008753479202584166,buy
443,2017-12-01,0.08401380940085801,0.023805545242238935,buy
444,2017-12-04,0.08423901807340428,0.035892239808472004,buy
445,2017-12-05,0.06390166266352537,0.04149412437948268,buy
446,2017-12-06,0.031177716172223313,0.03943084273803081,sell
447,2017-12-07,0.0002953136827059666,0.031603736926965845,sell
448,2017-12-08,0.008918206433627063,0.02706663082829809,sell
449,2017-12-11,0.02185845805873754,0.02602499627438598,sell
450,2017-12-12,0.03942933740576393,0.028705864500661572,buy
451,2017-12-13,0.07299855386906984,0.03756440237434323,buy
452,2017-12-14,0.081009579578037,0.04625343781508198,buy
453,2017-12-15,0.07867940748795377,0.05273863174965634,buy
454,2017-12-18,0.12204920593313773,0.06660074658635262,buy
455,2017-12-19,0.150698273106336,0.0834202518903493,buy
456,2017-12-20,0.1636903842740054,0.09947427836708052,buy
457,2017-12-21,0.19943444857084813,0.11946631240783404,buy
458,2017-12-22,0.23001907321929593,0.14157686457012642,buy
459,2017-12-26,0.2598718384828871,0.16523585935267857,buy
460,2017-12-27,0.28522232258467284,0.18923315199907742,buy
461,2017-12-28,0.31801094949816644,0.21498871149889523,buy
462,2017-12-29,0.3464061686257054,0.24127220292425727,buy
463,2018-01-02,0.4111265049544528,0.27524306333029636,buy
464,2018-01-03,0.4793046630515292,0.31605538327454297,buy
465,2018-01-04,0.5761412941481581,0.368072565449266,buy
466,2018-01-05,0.668656615400991,0.428189375439611,buy
467,2018-01-08,0.7229685929487317,0.48714521894143514,buy
468,2018-01-09,0.7572817537858612,0.5411725259103204,buy
469,2018-01-10,0.7741290932880247,0.5877638393858613,buy
470,2018-01-11,0.8115639975729536,0.6325238710232798,buy
471,2018-01-12,0.8829900494992984,0.6826171067184836,buy
472,2018-01-16,0.9338123519323887,0.7328561557612647,buy
473,2018-01-17,0.989012328065435,0.7840873902220988,buy
474,2018-01-18,1.0209893768526825,0.8314677875482157,buy
475,2018-01-19,1.0548035457059086,0.8761349391797543,buy
476,2018-01-22,1.1030380584286448,0.9215155630295324,buy
477,2018-01-23,1.1374015849193597,0.9646927674074979,buy
478,2018-01-24,1.1787944288667802,1.0075130996993544,buy
479,2018-01-25,1.1865379167110817,1.0433180631017,buy
480,2018-01-26,1.2163604782821196,1.077926546137784,buy
481,2018-01-29,1.1738158240418954,1.0971044017186062,buy
482,2018-01-30,1.0947509281965324,1.0966337070141916,sell
483,2018-01-31,1.021034780702358,1.081513921751825,sell
484,2018-02-01,0.965007852976008,1.0582127079966617,sell
485,2018-02-02,0.8081262990493698,1.0081954262072035,sell
486,2018-02-05,0.49594470876422037,0.9057452827186069,sell
487,2018-02-06,0.32518553825419616,0.7896333338257248,sell
488,2018-02-07,0.11524874909900973,0.6547564168803818,sell
489,2018-02-08,-0.16730309761242523,0.49034451398182044,sell
490,2018-02-09,-0.35793084067109504,0.32068944305123737,sell
491,2018-02-12,-0.44693540136245247,0.16716447416849944,sell
492,2018-02-13,-0.5143886547253587,0.030853848389727823,sell
493,2018-02-14,-0.47697226132157056,-0.07071137355253186,sell
494,2018-02-15,-0.410147954194386,-0.1385986896809027,sell
495,2018-02-16,-0.35143129842739285,-0.18116521143020073,sell
496,2018-02-20,-0.35417541717755796,-0.2157672525796722,sell
497,2018-02-21,-0.36283948129483434,-0.24518169832270464,sell
498,2018-02-22,-0.34368848536811925,-0.2648830557317876,sell
499,2018-02-23,-0.28045498610533315,-0.2679974418064967,sell
500,2018-02-26,-0.18973652889188486,-0.25234525922357437,buy
501,2018-02-27,-0.19597821628991596,-0.2410718506368427,buy
502,2018-02-28,-0.2556066805754398,-0.2439788166245621,sell
503,2018-03-01,-0.3296550310728108,-0.26111405951421185,sell
504,2018-03-02,-0.38109975163344245,-0.28511119793805795,sell
505,2018-03-05,-0.39736832990641346,-0.3075626243317291,sell
506,2018-03-06,-0.37393596405819807,-0.3208372922770229,sell
507,2018-03-07,-0.36538184606207835,-0.329746203034034,sell
508,2018-03-08,-0.3538136670612957,-0.33455969583948636,sell
509,2018-03-09,-0.30414302740755517,-0.3284763621531001,buy
510,2018-03-12,-0.24417783805805016,-0.31161665733409016,buy
511,2018-03-13,-0.23084759544624944,-0.29546284495652203,buy
512,2018-03-14,-0.21369400923489223,-0.27910907781219607,buy
513,2018-03-15,-0.21329178605574128,-0.2659456194609051,buy
514,2018-03-16,-0.21195369941452213,-0.25514723545162854,buy
515,2018-03-19,-0.2422508761445954,-0.25256796359022193,buy
516,2018-03-20,-0.26182017418395986,-0.25441840570896956,sell
517,2018-03-21,-0.2608052312319842,-0.25569577081357253,sell
518,2018-03-22,-0.3533974223839209,-0.2752361011276422,sell
519,2018-03-23,-0.4549718551883615,-0.311183251939786,sell
520,2018-03-26,-0.4514017730816562,-0.33922695616816007,sell
521,2018-03-27,-0.49652332893549556,-0.3706862307216272,sell
522,2018-03-28,-0.49310471317283344,-0.3951699272118685,sell
523,2018-03-29,-0.42452775468112947,-0.40104149270572076,sell
524,2018-04-02,-0.4551073773706591,-0.4118546696387084,sell
525,2018-04-03,-0.43850375096189964,-0.4171844859033467,sell
526,2018-04-04,-0.4091778223632474,-0.4155831531953269,buy
527,2018-04-05,-0.35182407169890695,-0.4028313368960429,buy
528,2018-04-06,-0.3424991776746964,-0.3907649050517736,buy
529,2018-04-09,-0.30652729651491484,-0.3739173833444019,buy
530,2018-04-10,-0.21683561610091573,-0.3425010298957047,buy
531,2018-04-11,-0.15258374640627181,-0.30451757319781814,buy
532,2018-04-12,-0.08776959193608036,-0.2611679769454706,buy
533,2018-04-13,-0.04377198702552221,-0.21768877896148095,buy
534,2018-04-16,-0.004557029616805153,-0.1750624290925458,buy
535,2018-04-17,0.03541622648074849,-0.13296669797788693,buy
536,2018-04-18,0.08897078788568535,-0.08857920080517248,buy
537,2018-04-19,0.12142603960635512,-0.04657815272286697,buy
538,2018-04-20,0.1200000349469903,-0.01326251518889552,buy
539,2018-04-23,0.11043984647815819,0.011477957144515223,buy
540,2018-04-24,0.08966278009139472,0.027114921733891125,buy
541,2018-04-25,0.06316621192463856,0.034325179772040616,buy
542,2018-04-26,0.06291170777410571,0.04004248537245364,buy
543,2018-04-27,0.07119302635929614,0.04627259356982214,buy
544,2018-04-30,0.05705988431153486,0.04843005171816469,buy
545,2018-05-01,0.0290638734391635,0.04455681606236445,sell
546,2018-05-02,-0.003106402230422134,0.03502417240380713,sell
547,2018-05-03,-0.022616448665878863,0.023496048189869934,sell
548,2018-05-04,-0.028446092700477266,0.013107620011800495,sell
549,2018-05-07,-0.038349707760801266,0.002816154457280143,sell
550,2018-05-08,-0.056992112269121264,-0.00914549888800014,sell
551,2018-05-09,-0.04123390133354121,-0.015563179377108355,sell
552,2018-05-10,0.007666213876696304,-0.010917300726347424,buy
553,2018-05-11,0.05155100351556996,0.001576360122036052,buy
554,2018-05-14,0.09525167313391592,0.020311422724412026,buy
555,2018-05-15,0.08312412206990416,0.032873962593510456,buy
556,2018-05-16,0.08894736868498399,0.04408864381180516,buy
557,2018-05-17,0.07834585160396301,0.05094008537023673,buy
558,2018-05-18,0.043676853587186315,0.04948743901362665,sell
559,2018-05-21,0.048490841777123705,0.04928811956632606,sell
560,2018-05-22,0.057441492572202435,0.050918794167501336,buy
561,2018-05-23,0.010028881798625378,0.04274081169372615,sell
562,2018-05-24,-0.04987212681150055,0.02421822399268081,sell
563,2018-05-25,-0.13797738597114062,-0.00822089800008348,sell
564,2018-05-29,-0.31580462999606596,-0.06973764439927997,sell
565,2018-05-30,-0.38360818659761975,-0.13251175283894795,sell
566,2018-05-31,-0.45146185811563555,-0.1963017738942855,sell
567,2018-06-01,-0.4662262359914422,-0.2502866663137169,sell
568,2018-06-04,-0.44135071960189975,-0.2884994769713535,sell
569,2018-06-05,-0.43947210837175277,-0.3186940032514334,sell
570,2018-06-06,-0.39407886027674977,-0.3337709746564967,sell
571,2018-06-07,-0.3745415813937356,-0.3419250960039445,sell
572,2018-06-08,-0.36062519698187856,-0.34566511619953133,sell
573,2018-06-11,-0.3201428306618439,-0.34056065909199384,buy
574,2018-06-12,-0.3102470529310395,-0.334497937859803,buy
575,2018-06-13,-0.3138164328617137,-0.33036163686018516,buy
576,2018-06-14,-0.3229415668385087,-0.3288776228558499,buy
577,2018-06-15,-0.359664021571902,-0.3350349025990604,sell
578,2018-06-18,-0.42395712503902416,-0.35281934708705315,sell
579,2018-06-19,-0.49921209076801887,-0.3820978958232463,sell
580,2018-06-20,-0.5454086893549217,-0.4147600545295814,sell
581,2018-06-21,-0.617130343433324,-0.45523411231032995,sell
582,2018-06-22,-0.6068111991963647,-0.48554952968753695,sell
583,2018-06-25,-0.6514329994544497,-0.5187262236409196,sell
584,2018-06-26,-0.6804059916917922,-0.5510621772510941,sell
585,2018-06-27,-0.7456352937753081,-0.5899768005559369,sell
586,2018-06-28,-0.7674120095856409,-0.6254638423618777,sell
587,2018-06-29,-0.72257126392293,-0.6448853266740882,sell
588,2018-07-02,-0.7194326668185411,-0.6597947947029789,sell
589,2018-07-03,-0.6893791119699983,-0.6657116581563828,sell
590,2018-07-05,-0.6098479217518218,-0.6545389108754707,buy
591,2018-07-06,-0.5154455369557738,-0.6267202360915313,buy
592,2018-07-09,-0.3975377658332562,-0.5808837420398762,buy
593,2018-07-10,-0.2963196469487315,-0.5239709230216474,buy
594,2018-07-11,-0.3063066833547978,-0.4804380750882775,buy
595,2018-07-12,-0.2718500729919029,-0.4387204746690026,buy
596,2018-07-13,-0.236009017227218,-0.39817818318064574,buy
597,2018-07-16,-0.2095496600671538,-0.3604524785579474,buy
598,2018-07-17,-0.19002217891979,-0.3263664186303159,buy
599,2018-07-18,-0.17004350078212838,-0.2951018350606784,buy
600,2018-07-19,-0.16861549495121864,-0.2698045670387864,buy
601,2018-07-20,-0.12462950831898212,-0.24076955529482558,buy
602,2018-07-23,-0.09018420819513295,-0.21065248587488705,buy
603,2018-07-24,-0.02553457842182638,-0.17362890438427492,buy
604,2018-07-25,0.07281845588411073,-0.12433943233059778,buy
605,2018-07-26,0.11815722204956103,-0.07584010145456603,buy
606,2018-07-27,0.16454433955055947,-0.027763213253540933,buy
607,2018-07-30,0.2219990655106514,0.02218924249929754,buy
608,2018-07-31,0.27669505696650276,0.07309040539273859,buy
609,2018-08-01,0.2898170107470932,0.11643572646360952,buy
610,2018-08-02,0.2551308840098585,0.14417475797285934,buy
611,2018-08-03,0.23869580833292048,0.16307896804487157,buy
612,2018-08-06,0.19580286617668463,0.16962374767123417,buy
613,2018-08-07,0.18941789730691028,0.17358257759836943,buy
614,2018-08-08,0.18369345050842867,0.17560475218038127,buy
615,2018-08-09,0.1649026905932942,0.17346433986296386,sell
616,2018-08-10,0.05922784511059831,0.15061704091249076,sell
617,2018-08-13,-0.04794534899023972,0.11090456293194467,sell
618,2018-08-14,-0.11771873066295058,0.06517990421296563,sell
619,2018-08-15,-0.22922815854823142,0.006298291660726221,sell
620,2018-08-16,-0.29027625767372456,-0.05301661820616394,sell
621,2018-08-17,-0.3067820107322561,-0.10376969671138236,sell
622,2018-08-20,-0.3040065726572294,-0.14381707190055176,sell
623,2018-08-21,-0.27322491948846306,-0.16969864141813404,sell
624,2018-08-22,-0.22659990543110808,-0.18107889422072887,sell
625,2018-08-23,-0.22699700524582056,-0.19026251642574724,sell
626,2018-08-24,-0.1959880501519322,-0.19140762317098423,sell
627,2018-08-27,-0.11091461130850178,-0.17530902079848773,buy
628,2018-08-28,-0.05700547717658111,-0.15164831207410642,buy
629,2018-08-29,0.013177850122261248,-0.11868307963483289,buy
630,2018-08-30,0.009110643962557674,-0.09312433491535478,buy
631,2018-08-31,-0.029378547986894432,-0.08037517752966272,buy
632,2018-09-04,-0.09870749526201905,-0.08404164107613399,sell
633,2018-09-05,-0.17416839945061469,-0.10206699275103014,sell
634,2018-09-06,-0.24136238546812905,-0.12992607129444994,sell
635,2018-09-07,-0.32645487861453404,-0.16923183275846676,sell
636,2018-09-10,-0.3714438644981257,-0.20967423910639854,sell
637,2018-09-11,-0.39096562530383494,-0.2459325163458858,sell
638,2018-09-12,-0.37450811660004035,-0.27164763639671674,sell
639,2018-09-13,-0.33328222198369417,-0.2839745535141122,sell
640,2018-09-14,-0.29826188832426226,-0.2868320204761422,sell
641,2018-09-17,-0.2623972555282563,-0.28194506748656506,buy
642,2018-09-18,-0.19539001685193114,-0.2646340573596383,buy
643,2018-09-19,-0.12127014124462931,-0.2359612741366365,buy
644,2018-09-20,-0.007941407021114344,-0.1903573007135321,buy
645,2018-09-21,0.09243245382429421,-0.13379934980596686,buy
646,2018-09-24,0.14487748812418744,-0.078063982219936,buy
647,2018-09-25,0.20371144980312295,-0.02170889581532421,buy
648,2018-09-26,0.2527762145667438,0.0331881262610894,buy
649,2018-09-27,0.2879745044209727,0.08414540189306607,buy
650,2018-09-28,0.2781983969624946,0.12295600090695179,buy
651,2018-10-01,0.2673687014099855,0.15183854100755853,buy
652,2018-10-02,0.22539232888460248,0.16654929858296733,buy
653,2018-10-03,0.192110248438496,0.1716614885540731,buy
654,2018-10-04,0.12035074940330048,0.1613993407239186,sell
655,2018-10-05,0.03158699900581041,0.13543687238029697,sell
656,2018-10-08,-0.04484215210780462,0.09938106748267667,sell
657,2018-10-09,-0.10711034162369515,0.058082785661402306,sell
658,2018-10-10,-0.2315160263675793,0.00016302325560598602,sell
659,2018-10-11,-0.3915876564058536,-0.07818711267668593,sell
660,2018-10-12,-0.48861553949974734,-0.16027279804129824,sell
661,2018-10-15,-0.5619660030315288,-0.24061143903934434,sell
662,2018-10-16,-0.5456141185778804,-0.30161197494705155,sell
663,2018-10-17,-0.5606551256006682,-0.3534206050777749,sell
664,2018-10-18,-0.6276673220125843,-0.40826994846473674,sell
665,2018-10-19,-0.62952204243647,-0.4525203672590834,sell
666,2018-10-22,-0.6411989323646381,-0.4902560802801944,sell
667,2018-10-23,-0.6691373894565658,-0.5260323421154687,sell
668,2018-10-24,-0.7957609375359169,-0.5799780611995584,sell
669,2018-10-25,-0.8373304121369429,-0.6314485313870353,sell
670,2018-10-26,-0.892977588047664,-0.6837543427191611,sell
671,2018-10-29,-0.9379977516589264,-0.7346030245071142,sell
672,2018-10-30,-0.9111122832626535,-0.7699048762582221,sell
673,2018-10-31,-0.8579181759892549,-0.7875075362044288,sell
674,2018-11-01,-0.7383235441420695,-0.777670737791957,buy
675,2018-11-02,-0.645634165608719,-0.7512634233553094,buy
676,2018-11-05,-0.5497091500634994,-0.7109525686969475,buy
677,2018-11-06,-0.45741534474945666,-0.6602451239074493,buy
678,2018-11-07,-0.32552469449090893,-0.5933010380241412,buy
679,2018-11-08,-0.26922617933487913,-0.5284860662862889,buy
680,2018-11-09,-0.2485083786357123,-0.4724905287561736,buy
681,2018-11-12,-0.2943228940248517,-0.4368570018099093,buy
682,2018-11-13,-0.305116706721428,-0.41050894279221306,buy
683,2018-11-14,-0.30574652936718394,-0.3895564601072073,buy
684,2018-11-15,-0.2810084370243118,-0.36784685549062823,buy
685,2018-11-16,-0.2511757885038861,-0.34451264209327986,buy
686,2018-11-19,-0.2582858125199152,-0.32726727617860696,buy
687,2018-11-20,-0.32905319053259774,-0.3276244590494051,sell
688,2018-11-21,-0.3191312683180314,-0.3259258209031304,buy
689,2018-11-23,-0.3512156676746372,-0.33098379025743174,sell
690,2018-11-26,-0.3259566246892547,-0.32997835714379636,buy
691,2018-11-27,-0.30970105198289843,-0.3259228961116168,buy
692,2018-11-28,-0.22674437572301542,-0.30608719203389656,buy
693,2018-11-29,-0.17728911536827496,-0.28032757670077224,buy
694,2018-11-30,-0.15609349395055006,-0.2554807601507278,buy
695,2018-12-03,-0.08334072057578368,-0.22105275223573898,buy
696,2018-12-04,-0.11237963715115029,-0.19931812921882125,buy
697,2018-12-06,-0.17444471047361532,-0.19434344546978008,buy
698,2018-12-07,-0.2602282724742295,-0.20752041087067,sell
699,2018-12-10,-0.36216678153405013,-0.23844968500334604,sell
700,2018-12-11,-0.43065730112672895,-0.2768912082280226,sell
701,2018-12-12,-0.4170681675738379,-0.3049266000971857,sell
702,2018-12-13,-0.40529339398365494,-0.3249999588744796,sell
703,2018-12-14,-0.44871591206883465,-0.3497431495133506,sell
704,2018-12-17,-0.49937008399935223,-0.379668536410551,sell
705,2018-12-18,-0.5319161627992415,-0.4101180616882891,sell
706,2018-12-19,-0.5854242505652891,-0.44517929946368917,sell
707,2018-12-20,-0.6322733717553177,-0.4825981139220149,sell
708,2018-12-21,-0.7059924912253592,-0.5272769893826839,sell
709,2018-12-24,-0.8077913400048047,-0.583379859507108,sell
710,2018-12-26,-0.7810443746870632,-0.622912762543099,sell
711,2018-12-27,-0.7614294141746996,-0.6506160928694191,sell
712,2018-12-28,-0.7059272506137191,-0.6616783244182792,sell
713,2018-12-31,-0.647813922685458,-0.658905444071715,buy
714,2019-01-02,-0.6007534621377033,-0.6472750476849127,buy
715,2019-01-03,-0.5709363380832002,-0.6320073057645703,buy
716,2019-01-04,-0.42548122831163226,-0.5907020902739827,buy
717,2019-01-07,-0.30301442546085866,-0.5331645573113579,buy
718,2019-01-08,-0.18385866681795449,-0.4633033792126773,buy
719,2019-01-09,-0.04231965270613358,-0.37910663391136856,buy
720,2019-01-10,0.0866125750982718,-0.2859627921094405,buy
721,2019-01-11,0.1720100711394963,-0.19436821945965313,buy
722,2019-01-14,0.22378816020372483,-0.11073694352697754,buy
723,2019-01-15,0.27204648067284154,-0.03418025868701373,buy
724,2019-01-16,0.3287032513928452,0.03839644332895806,buy
725,2019-01-17,0.3744668116087624,0.10561051698491893,buy
726,2019-01-18,0.44043820610789197,0.17257605480951355,buy
727,2019-01-22,0.4241912312223448,0.2228990900920798,buy
728,2019-01-23,0.4293064613242379,0.26418056433851145,buy
729,2019-01-24,0.4328104448676484,0.29790654044433884,buy
730,2019-01-25,0.47524963801738096,0.3333751599589473,buy
731,2019-01-28,0.48845302356938447,0.3643907326810348,buy
732,2019-01-29,0.5005457515505611,0.3916217364549401,buy
733,2019-01-30,0.5599156963821557,0.4252805284403832,buy
734,2019-01-31,0.605901919887522,0.461404806729811,buy
735,2019-02-01,0.6291740320732799,0.4949586517985048,buy
736,2019-02-04,0.6512103803865159,0.5262089975161071,buy
737,2019-02-05,0.6961692499025816,0.560201047993402,buy
738,2019-02-06,0.6963921385608884,0.5874392661068992,buy
739,2019-02-07,0.6447366150611558,0.5988987358977506,buy
740,2019-02-08,0.5837497851810909,0.5958689457544186,sell
741,2019-02-11,0.5081006412331988,0.5783152848501747,sell
742,2019-02-12,0.4825457922603533,0.5591613863322105,sell
743,2019-02-13,0.44678305128908846,0.5366857193235861,sell
744,2019-02-14,0.4187931320416638,0.5131072018672016,sell
745,2019-02-15,0.4425694716046422,0.49899965581468975,sell
746,2019-02-19,0.47956380883654504,0.4951124864190608,sell
747,2019-02-20,0.5272250046067484,0.5015349900565984,buy
748,2019-02-21,0.5377082823233721,0.5087696485099532,buy
749,2019-02-22,0.5679593239360727,0.5206075835951771,buy
750,2019-02-25,0.5976242028181105,0.5360109074397638,buy
751,2019-02-26,0.6279545766480084,0.5543996412814127,buy
752,2019-02-27,0.6350516352739035,0.5705300400799109,buy
753,2019-02-28,0.6106965235839965,0.5785633367807281,buy
754,2019-03-01,0.5919715117248074,0.581244971769544,buy
755,2019-03-04,0.5595809092564963,0.5769121592669345,sell
756,2019-03-05,0.5431898757990936,0.5701677025733664,sell
757,2019-03-06,0.5058682806833588,0.5573078181953649,sell
758,2019-03-07,0.43428429968245297,0.5327031144927825,sell
759,2019-03-08,0.34837778838560496,0.495838049271347,sell
760,2019-03-11,0.32757972606250974,0.4621863846295796,sell
761,2019-03-12,0.3090152547608298,0.4315521586558297,sell
762,2019-03-13,0.328990843196614,0.41103989556398657,sell
763,2019-03-14,0.34016019286382004,0.3968639550239533,sell
764,2019-03-15,0.3830762776030525,0.39410641953977316,sell
765,2019-03-18,0.44891267912188226,0.405067671456195,buy
766,2019-03-19,0.512935958268578,0.4266413288186716,buy
767,2019-03-20,0.5440826707102673,0.45012959719699075,buy
768,2019-03-21,0.5600900317361024,0.4721216841048131,buy
769,2019-03-22,0.4652922538188946,0.47075579804762946,sell
770,2019-03-25,0.3839499948625331,0.45339463741061026,sell
771,2019-03-26,0.32947712145656993,0.42861113421980224,sell
772,2019-03-27,0.28009670809907306,0.39890824899565647,sell
773,2019-03-28,0.22642632015100617,0.3644118632267264,sell
774,2019-03-29,0.1972707953988646,0.3309836496611541,sell
775,2019-04-01,0.23997371709258175,0.31278166314743966,sell
776,2019-04-02,0.2780641524940535,0.3058381610167625,sell
777,2019-04-03,0.3386346422650206,0.3123974572664141,buy
778,2019-04-04,0.38517918972090825,0.326953803757313,buy
779,2019-04-05,0.42609813392741813,0.346782669791334,buy
780,2019-04-08,0.46361851857615477,0.37014983954829817,buy
781,2019-04-09,0.4582560135403142,0.38777107434670144,buy
782,2019-04-10,0.4643069156794155,0.40307824261324426,buy
783,2019-04-11,0.4468080627668414,0.4118242066439637,buy
784,2019-04-12,0.467797401805754,0.42301884567632175,buy
785,2019-04-15,0.48038477171026983,0.4344920308831114,buy
786,2019-04-16,0.49361503865178946,0.44631663243684705,buy
787,2019-04-17,0.5204623320918884,0.46114577236785537,buy
788,2019-04-18,0.5377755185944153,0.47647172161316736,buy
789,2019-04-22,0.5341584703309437,0.48800907135672267,buy
790,2019-04-23,0.5237629604026424,0.4951598491659066,buy
791,2019-04-24,0.4499622683742288,0.48612033300757107,sell
792,2019-04-25,0.3862770168983687,0.46615166978573064,sell
793,2019-04-26,0.3400846508437354,0.44093826599733166,sell
794,2019-04-29,0.3147556935792224,0.4157017515137098,sell
795,2019-04-30,0.29427192493386656,0.3914157861977412,sell
796,2019-05-01,0.24170990506301138,0.3614746099707953,sell
797,2019-05-02,0.20219557326610982,0.3296188026298582,sell
798,2019-05-03,0.21388313405196868,0.3064716689142803,sell
799,2019-05-06,0.15723023747360543,0.27662338262614533,sell
800,2019-05-07,0.04178545087293628,0.22965579627550353,sell
801,2019-05-08,-0.04913893123155333,0.17389685077409217,sell
802,2019-05-09,-0.13307979512293855,0.11250152159468602,sell
803,2019-05-10,-0.1855385014307842,0.05289351698959198,sell
804,2019-05-13,-0.32031955839813264,-0.021749098087952952,sell
805,2019-05-14,-0.39721304243316524,-0.09684188695699542,sell
806,2019-05-15,-0.4249283118154352,-0.1624591719286834,sell
807,2019-05-16,-0.4307470516404095,-0.21611674787102864,sell
808,2019-05-17,-0.4723995855173797,-0.26737331540029885,sell
809,2019-05-20,-0.495228599335249,-0.3129443721872889,sell
810,2019-05-21,-0.47652147230209607,-0.34565979221025034,sell
811,2019-05-22,-0.4770676338742632,-0.37194136054305293,sell
812,2019-05-23,-0.5324828487607789,-0.4040496581865981,sell
813,2019-05-24,-0.5285662951597914,-0.4289529855812368,sell
814,2019-05-28,-0.5585285934091857,-0.45486810714682663,sell
815,2019-05-29,-0.5741645747110056,-0.4787274006596624,sell
816,2019-05-30,-0.5607129788564649,-0.49512451629902293,sell
817,2019-05-31,-0.5754699848465066,-0.5111936100085197,sell
818,2019-06-03,-0.5701579987350129,-0.5229864877538184,sell
819,2019-06-04,-0.4975997076865184,-0.5179091317403585,buy
820,2019-06-05,-0.4535037930093182,-0.5050280639941505,buy
821,2019-06-06,-0.39315499921905683,-0.48265345103913176,buy
822,2019-06-07,-0.3008637426999172,-0.44629550937128887,buy
823,2019-06-10,-0.20670533897370547,-0.39837747529177225,buy
824,2019-06-11,-0.10699819557832768,-0.3401016193490834,buy
825,2019-06-12,-0.06818944549701911,-0.28571918457867057,buy
826,2019-06-13,-0.02816410845316142,-0.23420816935356875,buy
827,2019-06-14,-0.03111798020414369,-0.19359013152368373,buy
828,2019-06-17,-0.03532616583770931,-0.16193733838648888,buy
829,2019-06-18,0.032984039242798247,-0.12295306286063146,buy
830,2019-06-19,0.11535890639394353,-0.07529066900971645,buy
831,2019-06-20,0.21755854389498808,-0.016720826428775544,buy
832,2019-06-21,0.2809089531595319,0.04280512948888595,buy
833,2019-06-24,0.33408739019142786,0.10106158162939433,buy
834,2019-06-25,0.3367161212804959,0.14819248955961464,buy
835,2019-06-26,0.3559252383453497,0.18973903931676167,buy
836,2019-06-27,0.3774120793442819,0.22727364732226574,buy
837,2019-06-28,0.4079345755418231,0.26340583296617726,buy
838,2019-07-01,0.45268291046883036,0.3012612484667079,buy
839,2019-07-02,0.4825833676285285,0.33752567229907204,buy
840,2019-07-03,0.5207474103395526,0.3741700199071682,buy
841,2019-07-05,0.5184799296890361,0.40303200186354177,buy
842,2019-07-08,0.4920571477707725,0.42083703104498793,buy
843,2019-07-09,0.45300643860708334,0.42727091255740707,buy
844,2019-07-10,0.43898467997930624,0.4296136660417869,buy
845,2019-07-11,0.42524512104952805,0.4287399570433352,sell
846,2019-07-12,0.4126321328087741,0.42551839219642296,sell
847,2019-07-15,0.3995468144811696,0.4203240766533723,sell
848,2019-07-16,0.3682520970494707,0.409909680732592,sell
849,2019-07-17,0.3237965935403011,0.39268706329413383,sell
850,2019-07-18,0.30476487540149577,0.37510262571560626,sell
851,2019-07-19,0.2691413186620153,0.3539103643048881,sell
852,2019-07-22,0.24715806512558203,0.3325599044690269,sell
853,2019-07-23,0.24061013216725513,0.31416995000867254,sell
854,2019-07-24,0.2349865089606169,0.2983332617990614,sell
855,2019-07-25,0.18068280487938893,0.2748031704151269,sell
856,2019-07-26,0.13982563698559147,0.24780766372921983,sell
857,2019-07-29,0.11521535452536114,0.2212892018884481,sell
858,2019-07-30,0.03241023749661309,0.18351340901008112,sell
859,2019-07-31,-0.07106065840370945,0.132598595527323,sell
860,2019-08-01,-0.19703860110845284,0.06667115620016784,sell
861,2019-08-02,-0.3287215328423301,-0.012407381608331741,sell
862,2019-08-05,-0.5390748990692344,-0.1177408851005123,sell
863,2019-08-06,-0.6632604560796338,-0.2268447992963366,sell
864,2019-08-07,-0.7470022569221726,-0.3308762908215038,sell
865,2019-08-08,-0.766623149998054,-0.4180256626568139,sell
866,2019-08-09,-0.8017407498043383,-0.4947686800863188,sell
867,2019-08-12,-0.8680875254627622,-0.5694324491616075,sell
868,2019-08-13,-0.8667032878245351,-0.6288866168941931,sell
869,2019-08-14,-0.9745414820996601,-0.6980175899352865,sell
870,2019-08-15,-1.0370562135789,-0.7658253146640093,sell
871,2019-08-16,-1.0299948908340042,-0.8186592298980082,sell
872,2019-08-19,-0.9864910414588408,-0.8522255922101748,sell
873,2019-08-20,-0.9561555044889616,-0.8730115746659322,sell
874,2019-08-21,-0.8930101311774763,-0.8770112859682411,sell
875,2019-08-22,-0.8438532934403895,-0.8703796874626708,buy
876,2019-08-23,-0.8541871770383196,-0.8671411853778006,buy
877,2019-08-26,-0.8300633941079312,-0.8597256271238267,buy
878,2019-08-27,-0.8054508106814993,-0.8488706638353614,buy
879,2019-08-28,-0.7724917862745713,-0.8335948883232034,buy
880,2019-08-29,-0.6973912952679271,-0.8063541697121482,buy
881,2019-08-30,-0.6088684072223742,-0.7668570172141935,buy
882,2019-09-03,-0.5445666051874198,-0.7223989348088389,buy
883,2019-09-04,-0.42502113690235177,-0.6629233752275414,buy
884,2019-09-05,-0.29353802135963036,-0.5890463044539592,buy
885,2019-09-06,-0.17668562642407437,-0.5065741688479823,buy
886,2019-09-09,-0.05913658096608998,-0.4170866512716039,buy
887,2019-09-10,0.07785688013166947,-0.31809794499094923,buy
888,2019-09-11,0.20903439607137386,-0.21267147677848464,buy
889,2019-09-12,0.3281649159512696,-0.10450419823253379,buy
890,2019-09-13,0.4507399169318518,0.006544624800343332,buy
891,2019-09-16,0.5221503512695094,0.10966577009417655,buy
892,2019-09-17,0.5669017203925577,0.2011129601538528,buy
893,2019-09-18,0.5865088378870027,0.2781921357004828,buy
894,2019-09-19,0.6011824259374663,0.3427901937478795,buy
895,2019-09-20,0.5998319973444168,0.394198554467187,buy
896,2019-09-23,0.5825686849252989,0.4318725805588094,buy
897,2019-09-24,0.5323957777580688,0.4519772199986613,buy
898,2019-09-25,0.4877767501222152,0.4591371260233721,buy
899,2019-09-26,0.469994839340643,0.4613086686868263,buy
900,2019-09-27,0.43024582268334655,0.4550960994861304,sell
901,2019-09-30,0.4032939306132448,0.4447356657115533,sell
902,2019-10-01,0.3449961027087838,0.4247877531109995,sell
903,2019-10-02,0.22036681599005448,0.3839035656868105,sell
904,2019-10-03,0.13309398955585294,0.33374165046061904,sell
905,2019-10-04,0.09275533408183634,0.2855443871848625,sell
906,2019-10-07,0.06312543324081332,0.2410605963960527,sell
907,2019-10-08,-0.009307381071486986,0.19098700090254478,sell
908,2019-10-09,-0.02578740703657445,0.14763211931472095,sell
909,2019-10-10,-0.010366449038627934,0.11603240564405118,sell
910,2019-10-11,0.09277071346995314,0.11138006720923158,sell
911,2019-10-14,0.15130059877267144,0.11936417352191955,buy
912,2019-10-15,0.24469058093488627,0.1444294550045129,buy
913,2019-10-16,0.3264379325512792,0.18083115051386617,buy
914,2019-10-17,0.3988896941015554,0.22444285923140403,buy
915,2019-10-18,0.45792825681722604,0.27113993874856845,buy
916,2019-10-21,0.5262463525643284,0.32216122151172044,buy
917,2019-10-22,0.5798372075219262,0.37369641871376164,buy
918,2019-10-23,0.6387086578954495,0.42669886655009925,buy
919,2019-10-24,0.6874055914264474,0.47884021152536893,buy
920,2019-10-25,0.7146935822251876,0.5260108856653327,buy
921,2019-10-28,0.749904800858701,0.5707896687040064,buy
922,2019-10-29,0.7515168689951537,0.6069351087622359,buy
923,2019-10-30,0.7495202585624057,0.6354521387222699,buy
924,2019-10-31,0.7075861087785,0.6498789327335159,buy
925,2019-11-01,0.7144100707824208,0.6627851603432969,buy
926,2019-11-04,0.7426853398250444,0.6787651962396465,buy
927,2019-11-05,0.7677417366168058,0.6965605043150784,buy
928,2019-11-06,0.7846860139421281,0.7141856062404883,buy
929,2019-11-07,0.8026599898917155,0.7318804829707337,buy
930,2019-11-08,0.8060789882301833,0.7467201840226236,buy
931,2019-11-11,0.7753220421061755,0.7524405556393341,buy
932,2019-11-12,0.7385999183387284,0.7496724281792131,sell
933,2019-11-13,0.6771626716789925,0.735170476879169,sell
934,2019-11-14,0.6068361837772969,0.7095036182587946,sell
935,2019-11-15,0.5748310449945038,0.6825691036059365,sell
936,2019-11-18,0.546615069457161,0.6553782967761814,sell
937,2019-11-19,0.5122166092519151,0.6267459592713283,sell
938,2019-11-20,0.4597264044372764,0.593342048304518,sell
939,2019-11-21,0.4019954939294266,0.5550727374294997,sell
940,2019-11-22,0.36355063718043823,0.5167683173796874,sell
941,2019-11-25,0.35202111335787123,0.48381887657532424,sell
942,2019-11-26,0.33594487432333153,0.45424407612492573,sell
943,2019-11-27,0.3263418209174489,0.4286636250834304,sell
944,2019-11-29,0.27341944459430323,0.39761478898560504,sell
945,2019-12-02,0.2083792039101482,0.3597676719705137,sell
946,2019-12-03,0.12018785505511431,0.31185170858743383,sell
947,2019-12-04,0.09973819590079103,0.2694290060501053,sell
948,2019-12-05,0.07954765723819435,0.23145273628772312,sell
949,2019-12-06,0.09919759083629742,0.205001707197438,sell
950,2019-12-09,0.10361137641866947,0.18472364104168432,sell
951,2019-12-10,0.10285721440440909,0.1683503557142293,sell
952,2019-12-11,0.14148506883701373,0.16297729833878621,sell
953,2019-12-12,0.22219863684100005,0.174821566039229,buy
954,2019-12-13,0.30942662038807356,0.2017425769089979,buy
955,2019-12-16,0.4219831117596655,0.24579068387913144,buy
956,2019-12-17,0.4995247030125398,0.2965374877058131,buy
957,2019-12-18,0.5535987288518598,0.3479497359350225,buy
958,2019-12-19,0.5888978784160912,0.3961393644312362,buy
959,2019-12-20,0.6098428203434381,0.4388800556136766,buy
960,2019-12-23,0.6215961519368065,0.4754232748783026,buy
961,2019-12-24,0.6184460397805793,0.504027827858758,buy
962,2019-12-26,0.6280421444170727,0.528830691170421,buy
963,2019-12-27,0.6513388530177906,0.5533323235398949,buy
964,2019-12-30,0.6285305728250421,0.5683719733969244,buy
965,2019-12-31,0.6164941066915333,0.5779964000558462,buy
966,2020-01-02,0.6703719675906186,0.5964715135628007,buy
967,2020-01-03,0.6346106857895535,0.6040993480081512,buy
968,2020-01-06,0.6085353928926551,0.6049865569850521,buy
969,2020-01-07,0.5674098150262523,0.5974712085932922,sell
970,2020-01-08,0.534074243168142,0.5847918155082622,sell
971,2020-01-09,0.511044236796117,0.5700422997658332,sell
972,2020-01-10,0.4802965523391052,0.5520931502804877,sell
973,2020-01-13,0.4729032591909572,0.5362551720625816,sell
974,2020-01-14,0.460956860299504,0.5211955097099661,sell
975,2020-01-15,0.42187997727939575,0.501332403223852,sell
976,2020-01-16,0.4109205358664667,0.4832500297523749,sell
977,2020-01-17,0.41294139989671663,0.46918830378124327,sell
978,2020-01-21,0.3576034976891407,0.4468713425628228,sell
979,2020-01-22,0.314988289917288,0.4204947320337159,sell
980,2020-01-23,0.2669257296290084,0.38978093155277443,sell
981,2020-01-24,0.20061756777631956,0.3519482587974835,sell
982,2020-01-27,0.04852409200584873,0.29126342543915656,sell
983,2020-01-28,-0.03564107387852289,0.2258825255756207,sell
984,2020-01-29,-0.11149682641433145,0.15840665517763025,sell
985,2020-01-30,-0.1841828067275202,0.08988876279660019,sell
986,2020-01-31,-0.3131876691041029,0.009273476416459564,sell
987,2020-02-03,-0.41145579060571436,-0.07487237698797522,sell
988,2020-02-04,-0.4187750416060254,-0.14365290991158525,sell
989,2020-02-05,-0.3753963520534853,-0.19000159833996527,sell
990,2020-02-06,-0.32337083710176273,-0.21667544609232475,sell
991,2020-02-07,-0.32479458361236624,-0.23829927359633307,sell
992,2020-02-10,-0.31838660418669207,-0.2543167397144049,sell
993,2020-02-11,-0.27457091286664337,-0.2583675743448526,sell
994,2020-02-12,-0.20271092679218583,-0.24723624483431925,buy
995,2020-02-13,-0.17391559791957434,-0.23257211545137027,buy
996,2020-02-14,-0.16160541266592787,-0.2183787748942818,buy
997,2020-02-18,-0.17840551452972875,-0.21038412282137123,buy
998,2020-02-19,-0.17118672577976213,-0.20254464341304942,buy
999,2020-02-20,-0.2002761303109466,-0.20209094079262885,buy
1000,2020-02-21,-0.2307232701408637,-0.20781740666227583,sell
1001,2020-02-24,-0.4247248537485433,-0.25119889607952933,sell
1002,2020-02-25,-0.6521528908800889,-0.3313896950396412,sell
1003,2020-02-26,-0.8164068469047265,-0.4283931254126583,sell
1004,2020-02-27,-1.0531429310883524,-0.5533430865477971,sell
1005,2020-02-28,-1.2732529327448106,-0.6973250557871997,sell
1006,2020-03-02,-1.3818069958539496,-0.8342214438005497,sell
1007,2020-03-03,-1.510434515765013,-0.9694640581934424,sell
1008,2020-03-04,-1.4724426640950696,-1.0700597793737678,sell
1009,2020-03-05,-1.5405724026979826,-1.1641623040386109,sell
1010,2020-03-06,-1.6520789637627047,-1.2617456359834298,sell
1011,2020-03-09,-2.0929251274447367,-1.4279815342756912,sell
1012,2020-03-10,-2.272269853995681,-1.5968391982196892,sell
1013,2020-03-11,-2.5910089811819077,-1.7956731548121332,sell
1014,2020-03-12,-3.223194374835977,-2.081177398816902,sell
1015,2020-03-13,-3.4593722147789308,-2.356816362009308,sell
1016,2020-03-16,-4.00252819284718,-2.6859587281768826,sell
1017,2020-03-17,-4.260145308554854,-3.000796044252477,sell
1018,2020-03-18,-4.6519572412567385,-3.3310282836533296,sell
1019,2020-03-19,-4.872280622245938,-3.639278751371852,sell
1020,2020-03-20,-4.98555108980748,-3.908533219058978,sell
1021,2020-03-23,-5.1054577568677715,-4.147918126620737,sell
1022,2020-03-24,-4.871823560130899,-4.29269921332277,sell
1023,2020-03-25,-4.479317109592273,-4.3300227925766706,sell
1024,2020-03-26,-4.028387186012971,-4.269695671263931,buy
1025,2020-03-27,-3.7708123499034087,-4.169919006991827,buy
1026,2020-03-30,-3.4405991320641505,-4.0240550320062916,buy
1027,2020-03-31,-3.1603789865995537,-3.8513198229249443,buy
1028,2020-04-01,-3.050291825497503,-3.691114223439456,buy
1029,2020-04-02,-2.8476915560147305,-3.522429689954511,buy
1030,2020-04-03,-2.7265496233675393,-3.3632536766371173,buy
1031,2020-04-06,-2.42045566333492,-3.174694073976678,buy
1032,2020-04-07,-2.124575800923928,-2.9646704193661284,buy
1033,2020-04-08,-1.8523852599875497,-2.7422133874904127,buy
1034,2020-04-09,-1.5479779614972031,-2.503366302291771,buy
1035,2020-04-13,-1.3233995287543365,-2.2673729475842843,buy
1036,2020-04-14,-1.0684808258291838,-2.0275945232332644,buy
1037,2020-04-15,-1.0028253139370449,-1.8226406813740206,buy
1038,2020-04-16,-0.9576609269325331,-1.6496447304857231,buy
1039,2020-04-17,-0.8113008082782827,-1.481975946044235,buy
1040,2020-04-20,-0.7505008703254816,-1.3356809309004842,buy
1041,2020-04-21,-0.7782107398879958,-1.2241868926979866,buy
1042,2020-04-22,-0.7310156564439936,-1.125552645447188,buy
1043,2020-04-23,-0.6841693029683711,-1.0372759769514248,buy
1044,2020-04-24,-0.6150389635817533,-0.9528285742774906,buy
1045,2020-04-27,-0.477667893714127,-0.8577964381648179,buy
1046,2020-04-28,-0.3391967243086995,-0.7540764953935942,buy
1047,2020-04-29,-0.10599903380295927,-0.6244610030754673,buy
1048,2020-04-30,-0.0005961414282822375,-0.4996880307460303,buy
1049,2020-05-01,-0.012682086473688514,-0.40228684189156194,buy
1050,2020-05-04,-0.015849272161318595,-0.3249993279455133,buy
1051,2020-05-05,-0.00044643733633620286,-0.26008874982367786,buy
1052,2020-05-06,-0.02608902445059158,-0.2132888047490606,buy
1053,2020-05-07,-0.02510037145921018,-0.17565111809109052,buy
1054,2020-05-08,0.04446387453958067,-0.1316281195649563,buy
1055,2020-05-11,0.08537450208016395,-0.08822759523593224,buy
1056,2020-05-12,0.06719264549826676,-0.05714354708909244,buy
1057,2020-05-13,0.005999735065394418,-0.04451489065819507,buy
1058,2020-05-14,-0.062023898909309594,-0.04801669230841798,sell
1059,2020-05-15,-0.12307896322706569,-0.06302914649214753,sell
1060,2020-05-18,-0.0140313698651795,-0.05322959116675392,buy
1061,2020-05-19,0.030770590442621426,-0.03642955484487886,buy
1062,2020-05-20,0.11786065171906301,-0.005571513532090483,buy
1063,2020-05-21,0.15319298456551422,0.02618138608743046,buy
1064,2020-05-22,0.14834102932541526,0.05061331473502742,buy
1065,2020-05-26,0.2667712038498564,0.09384489255799322,buy
1066,2020-05-27,0.4196341224922193,0.15900273854483843,buy
1067,2020-05-28,0.5538588689586774,0.23797396462760623,buy
1068,2020-05-29,0.6365447814956795,0.3176881280012209,buy
1069,2020-06-01,0.7756619086085479,0.4092828841226863,buy
1070,2020-06-02,0.9450905637409832,0.5164444200463457,buy
1071,2020-06-03,1.1886768370872574,0.650890903454528,buy
1072,2020-06-04,1.3405744632185232,0.788827615407327,buy
1073,2020-06-05,1.549754516977373,0.9410129957213362,buy
1074,2020-06-08,1.7737209254168533,1.1075545816604397,buy
1075,2020-06-09,1.8650946798991654,1.259062601308185,buy
1076,2020-06-10,1.8961866567937307,1.3864874124052942,buy
1077,2020-06-11,1.6326204669240667,1.4357140233090488,buy
1078,2020-06-12,1.4921845298419,1.4470081246156192,buy
1079,2020-06-15,1.3689996800083506,1.4314064356941656,sell
1080,2020-06-16,1.301529458132677,1.405431040181868,sell
1081,2020-06-17,1.2307569571569488,1.370496223576884,sell
1082,2020-06-18,1.1458884473432462,1.3255746683301566,sell
1083,2020-06-19,1.0547920849860972,1.2714181516613448,sell
1084,2020-06-22,0.9937110003343435,1.2158767213959445,sell
1085,2020-06-23,0.9629840543866379,1.1652981879940834,sell
1086,2020-06-24,0.838846119341575,1.1000077742635817,sell
1087,2020-06-25,0.7685653107742141,1.0337192815657081,sell
1088,2020-06-26,0.6448836254095767,0.9559521503344819,sell
1089,2020-06-29,0.568619668207603,0.8784856539091062,sell
1090,2020-06-30,0.4946142901331001,0.8017113811539051,sell
1091,2020-07-01,0.44732166471530377,0.7308334378661848,sell
1092,2020-07-02,0.45803453869887534,0.676273658032723,sell
1093,2020-07-06,0.5506083814118412,0.6511406027085467,sell
1094,2020-07-07,0.5453428010741561,0.6299810423816686,sell
1095,2020-07-08,0.5785366778428482,0.6196921694739046,sell
1096,2020-07-09,0.532648865233277,0.6022835086257792,sell
1097,2020-07-10,0.5144153418518371,0.5847098752709907,sell
1098,2020-07-13,0.48214001438500276,0.5641959030937932,sell
1099,2020-07-14,0.51976940658313,0.5553106037916605,sell
1100,2020-07-15,0.5767561811964796,0.5595997192726243,buy
1101,2020-07-16,0.598505792833258,0.5673809339847511,buy
1102,2020-07-17,0.6164996219444774,0.5772046715766963,buy
1103,2020-07-20,0.6406740348975148,0.58989854424086,buy
1104,2020-07-21,0.6725256087786136,0.6064239571484107,buy
1105,2020-07-22,0.6952583462595783,0.6241908349706442,buy
1106,2020-07-23,0.6608338523147097,0.6315194384394573,buy
1107,2020-07-24,0.6317738307136054,0.631570316894287,buy
1108,2020-07-27,0.6546694892715337,0.6361901513697363,buy
1109,2020-07-28,0.6324965141693113,0.6354514239296514,sell
1110,2020-07-29,0.6530053529340449,0.6389622097305302,buy
1111,2020-07-30,0.5971079770507828,0.6305913631945808,sell
1112,2020-07-31,0.4780985889110596,0.6000928083378765,sell
1113,2020-08-03,0.42527516199653803,0.5651292790696087,sell
1114,2020-08-04,0.41635810558776853,0.5353750443732408,sell
1115,2020-08-05,0.42483931716463275,0.5132678989315191,sell
1116,2020-08-06,0.4383036860908547,0.4982750563633863,sell
1117,2020-08-07,0.42364514392726704,0.4833490738761625,sell
1118,2020-08-10,0.43998351870803987,0.474675962842538,sell
1119,2020-08-11,0.4679822092396648,0.4733372121219634,sell
1120,2020-08-12,0.566212201531954,0.4919122100039615,buy
1121,2020-08-13,0.6064021165822382,0.5148101913196169,buy
1122,2020-08-14,0.6099895425989672,0.533846061575487,buy
1123,2020-08-17,0.6346127038926639,0.5539993900389224,buy
1124,2020-08-18,0.6334562767624874,0.5698907673836354,buy
1125,2020-08-19,0.5988999295528501,0.5756925998174783,buy
1126,2020-08-20,0.5513964789327446,0.5708333756405316,sell
1127,2020-08-21,0.48185211476303635,0.5530371234650326,sell
1128,2020-08-24,0.47395997390082556,0.5372216935521913,sell
1129,2020-08-25,0.4746587445869892,0.5247091037591509,sell
1130,2020-08-26,0.480058511943632,0.5157789853960472,sell
1131,2020-08-27,0.44383529040781866,0.5013902463984015,sell
1132,2020-08-28,0.434107653872708,0.48793372789326284,sell
1133,2020-08-31,0.3729518152293565,0.4649373453604816,sell
1134,2020-09-01,0.3316710495538615,0.4382840861991576,sell
1135,2020-09-02,0.32470138911607194,0.4155675467825405,sell
1136,2020-09-03,0.244409226811662,0.38133588278836483,sell
1137,2020-09-04,0.18571297434120027,0.34221130109893194,sell
1138,2020-09-08,0.10573644929394987,0.29491633073793555,sell
1139,2020-09-09,0.10250879803911772,0.256434824198172,sell
1140,2020-09-10,0.05139054666991427,0.21542596869252045,sell
1141,2020-09-11,0.02474820986233084,0.17729041692648254,sell
1142,2020-09-14,0.04557191643837655,0.15094671682886135,sell
1143,2020-09-15,0.08468948566603274,0.13769527059629563,sell
1144,2020-09-16,0.10659791759105985,0.13147579999524847,sell
1145,2020-09-17,0.11827204406740321,0.12883504880967944,sell
1146,2020-09-18,0.08681235397502718,0.120430509842749,sell
1147,2020-09-21,-0.041209645131587536,0.0881024788478817,sell
1148,2020-09-22,-0.14654249259575636,0.04117348455915409,sell
1149,2020-09-23,-0.2847587547158099,-0.02401296329583872,sell
1150,2020-09-24,-0.38744557808790603,-0.09669948625425218,sell
1151,2020-09-25,-0.46898322025630534,-0.17115623305466282,sell
1152,2020-09-28,-0.46701774324155565,-0.2303285350920414,sell
1153,2020-09-29,-0.47272811628656797,-0.2788084513309467,sell
1154,2020-09-30,-0.47417199714917757,-0.3178811604945929,sell
1155,2020-10-01,-0.46361351740266343,-0.34702763187620705,sell
1156,2020-10-02,-0.45084357823916577,-0.3677908211487988,sell
1157,2020-10-05,-0.3673396207546702,-0.3677005810699731,buy
1158,2020-10-06,-0.3323032413274589,-0.3606211131214703,buy
1159,2020-10-07,-0.26492156147809,-0.34148120279279426,buy
1160,2020-10-08,-0.171393957905714,-0.3074637538153782,buy
1161,2020-10-09,-0.08123456484192104,-0.2622179160206868,buy
1162,2020-10-12,0.009187358469702644,-0.20793686112260892,buy
1163,2020-10-13,0.042209406411018335,-0.1579076076158835,buy
1164,2020-10-14,0.054242227248295194,-0.11547764064304775,buy
1165,2020-10-15,0.023763428002752107,-0.08762942691388778,buy
1166,2020-10-16,0.014542791668944233,-0.06719498319732138,buy
1167,2020-10-19,-0.005419195333260518,-0.05483982562450921,buy
1168,2020-10-20,-0.000567565755758892,-0.04398537365075915,buy
1169,2020-10-21,-0.002260300483094113,-0.03564035901722614,buy
1170,2020-10-22,0.017654870294485647,-0.024981313154883784,buy
1171,2020-10-23,0.06212985211885069,-0.007559080100136891,buy
1172,2020-10-26,0.04283495878244992,0.00251972767638047,buy
1173,2020-10-27,-0.010486606290271538,-8.153911694993134e-05,sell
1174,2020-10-28,-0.1951520177127577,-0.03909563483611149,sell
1175,2020-10-29,-0.32660826699499523,-0.09659816126788824,sell
1176,2020-10-30,-0.4368796973565452,-0.16465446848561965,sell
1177,2020-11-02,-0.4593637375832387,-0.22359632230514348,sell
1178,2020-11-03,-0.385310874484766,-0.255939232741068,sell
1179,2020-11-04,-0.28204172658307414,-0.26115973150946925,sell
1180,2020-11-05,-0.13898643023056678,-0.23672507125368877,buy
1181,2020-11-06,-0.011964043728589502,-0.19177286574866892,buy
1182,2020-11-09,0.22991400110723248,-0.10743549237748864,buy
1183,2020-11-10,0.5000902631326767,0.014069658724544423,buy
1184,2020-11-11,0.7477130221681776,0.16079833141327105,buy
1185,2020-11-12,0.8609087155709432,0.3008204082448055,buy
1186,2020-11-13,0.9877151653718457,0.43819935967021356,buy
1187,2020-11-16,1.1512419104461031,0.5808078698253915,buy
1188,2020-11-17,1.2866714993097474,0.7219805957222627,buy
1189,2020-11-18,1.365542267574611,0.8506929300927324,buy
1190,2020-11-19,1.4227745432862946,0.9651092527314449,buy
1191,2020-11-20,1.4490432292563753,1.061896048036431,buy
1192,2020-11-23,1.482184526935832,1.1459537438163112,buy
1193,2020-11-24,1.5824072071247102,1.233244436477991,buy
1194,2020-11-25,1.6318951411408165,1.3129745774105563,buy
1195,2020-11-27,1.6567852614327876,1.3817367142150028,buy
1196,2020-11-30,1.5481846075209376,1.4150262928761896,buy
1197,2020-12-01,1.5507476175898844,1.4421705578189288,buy
1198,2020-12-02,1.5555129421613287,1.464839034687409,buy
1199,2020-12-03,1.5517347703871138,1.48221818182735,buy
1200,2020-12-04,1.5900233462303461,1.5037792147079494,buy
1201,2020-12-07,1.5806856606731614,1.5191605039009919,buy
1202,2020-12-08,1.5632140965343666,1.527971222427667,buy
1203,2020-12-09,1.5324968624295607,1.5288763504280458,buy
1204,2020-12-10,1.5192540099143486,1.5269518823253065,sell
1205,2020-12-11,1.4648491536223531,1.514531336584716,sell
1206,2020-12-14,1.3968873114385758,1.491002531555488,sell
1207,2020-12-15,1.379582404318839,1.4687185061081582,sell
1208,2020-12-16,1.36758911749601,1.4484926283857287,sell
1209,2020-12-17,1.3653946734840048,1.431873037405384,sell
1210,2020-12-18,1.319042507890245,1.4093069315023565,sell
1211,2020-12-21,1.190579095406605,1.3655613642832063,sell
1212,2020-12-22,1.0565288871423277,1.3037548688550307,sell
1213,2020-12-23,0.9942061594058487,1.2418451269651944,sell
1214,2020-12-24,0.9522952517883354,1.1839351519298227,sell
1215,2020-12-28,0.9371682870157656,1.1345817789470114,sell
1216,2020-12-29,0.9312974677783927,1.0939249167132876,sell
1217,2020-12-30,0.9256049701982008,1.0602609274102703,sell
1218,2020-12-31,0.8852091625267136,1.025250574433559,sell
1219,2021-01-04,0.8680668183315632,0.9938138232131598,sell
1220,2021-01-05,0.9082131839380878,0.9766936953581455,sell
1221,2021-01-06,1.0142076980172376,0.984196495889964,buy
1222,2021-01-07,1.1364698568703275,1.0146511680860368,buy
1223,2021-01-08,1.2502496379208026,1.06177086205299,buy
1224,2021-01-11,1.2830967368955228,1.1060360370214966,buy
1225,2021-01-12,1.3330845927063706,1.1514457481584714,buy
1226,2021-01-13,1.3479333074683453,1.1907432600204464,buy
1227,2021-01-14,1.4009325093151475,1.2327811098793866,buy
1228,2021-01-15,1.3447732431890813,1.2551795365413256,buy
1229,2021-01-19,1.317976983979328,1.2677390260289263,buy
1230,2021-01-20,1.3057644030307998,1.2753441014293012,buy
1231,2021-01-21,1.2948031009476821,1.2792359013329775,buy
1232,2021-01-22,1.2159233849490718,1.2665733980561966,sell
1233,2021-01-25,1.112498103568413,1.23575833915864,sell
1234,2021-01-26,1.0187888591411962,1.1923644431551512,sell
1235,2021-01-27,0.8274479535596342,1.1193811452360478,sell
1236,2021-01-28,0.7093627997314371,1.0373774761351258,sell
1237,2021-01-29,0.4937232852701854,0.9286466379621378,sell
1238,2021-02-01,0.3738910509904656,0.8176955205678034,sell
1239,2021-02-02,0.3217599087517016,0.718508398204583,sell
1240,2021-02-03,0.29946430838644034,0.6346995802409544,sell
1241,2021-02-04,0.27858354675113617,0.5634763735429907,sell
1242,2021-02-05,0.29713104202414087,0.5102073072392208,sell
1243,2021-02-08,0.3455649276877253,0.47727883132892174,sell
1244,2021-02-09,0.39544078324844634,0.46091122171282667,sell
1245,2021-02-10,0.4236642476740613,0.4534618269050736,sell
1246,2021-02-11,0.4687168233194825,0.45651282618795536,buy
1247,2021-02-12,0.5224736344073122,0.46970498783182674,buy
1248,2021-02-16,0.600685423605583,0.49590107498657804,buy
1249,2021-02-17,0.6352823616040126,0.523777332310065,buy
1250,2021-02-18,0.6305545017149328,0.5451327661910386,buy
1251,2021-02-19,0.6490191379557331,0.5659100405439774,buy
1252,2021-02-22,0.6386357096825606,0.580455174371694,buy
1253,2021-02-23,0.6585276575808976,0.5960696710135347,buy
1254,2021-02-24,0.704292616216712,0.6177142600541702,buy
1255,2021-02-25,0.659926157092741,0.6261566394618844,buy
1256,2021-02-26,0.5272005689189854,0.6063654253533046,sell
1257,2021-03-01,0.5124102765761762,0.5875743955978789,sell
1258,2021-03-02,0.49498300734376244,0.5690561179470557,sell
1259,2021-03-03,0.48362159807803096,0.5519692139732508,sell
1260,2021-03-04,0.4239868003462135,0.5263727312478435,sell
1261,2021-03-05,0.44542262655566134,0.5101827103094071,sell
1262,2021-03-08,0.446827485669715,0.4975116653814687,sell
1263,2021-03-09,0.4888520943358401,0.495779751172343,sell
1264,2021-03-10,0.5360404717730134,0.5038318952924771,buy
1265,2021-03-11,0.6152983616577217,0.526125188565526,buy
1266,2021-03-12,0.6727633360394805,0.5554528180603169,buy
1267,2021-03-15,0.7331263179535483,0.5909875180389632,buy
1268,2021-03-16,0.7585770712662452,0.6245054286844196,buy
1269,2021-03-17,0.7905000764048822,0.6577043582285121,buy
1270,2021-03-18,0.7557264836122073,0.6773087833052512,buy
1271,2021-03-19,0.7317707602679491,0.6882011786977908,buy
1272,2021-03-22,0.7023494264733188,0.6910308282528964,buy
1273,2021-03-23,0.5811517022050339,0.6690550030433239,sell
1274,2021-03-24,0.4604282800735575,0.6273296584493706,sell
1275,2021-03-25,0.3933042012491086,0.5805245670093182,sell
1276,2021-03-26,0.41680137421117536,0.5477799284496896,sell
1277,2021-03-29,0.41769775071175275,0.5217634929021022,sell
1278,2021-03-30,0.4040670829924409,0.49822421092017,sell
1279,2021-03-31,0.37681709815088027,0.4739427883663121,sell
1280,2021-04-01,0.3862730928384508,0.4564088492607399,sell
1281,2021-04-05,0.44511987551226184,0.45415105451104426,sell
1282,2021-04-06,0.4518509034648872,0.45369102430181285,sell
1283,2021-04-07,0.4559634416394971,0.4541455077693497,buy
1284,2021-04-08,0.4795163923133856,0.4592196846781569,buy
1285,2021-04-09,0.48532578947899196,0.4644409056383239,buy
1286,2021-04-12,0.4699875345436766,0.46555023141939444,buy
1287,2021-04-13,0.4597935949868486,0.4643989041328853,sell
1288,2021-04-14,0.4601281846517793,0.46354476023666413,sell
1289,2021-04-15,0.4950327414017721,0.46984235646968575,buy
1290,2021-04-16,0.5598152136963961,0.4878369279150278,buy
1291,2021-04-19,0.6049889425872408,0.5112673308494704,buy
1292,2021-04-20,0.5569058807906515,0.5203950408377067,buy
